Time,can_torque.Tau1,can_torque.Tau2,can_state.Omega1,can_state.Omega2,can_state.Theta1,can_state.Theta2,I1,I2,b1,b2,g,l1,l2,lc1,lc2,m1,m2,n_substeps,omega1_0,omega2_0,reset,theta1_0,theta2_0
0.0,0.0,0.0,-0.12276071921001619,0.09097199540243585,0.999385992138036,0.5004552365700261,0.0833,0.0833,0.1,0.1,9.81,1.0,1.0,0.5,0.5,1.0,1.0,10.0,0.0,0.0,0.0,1.0,0.5
0.01,0.0,0.0,-0.24535082669871916,0.18173251963044168,0.997545353453172,0.5018187371883982,0.0833,0.0833,0.1,0.1,9.81,1.0,1.0,0.5,0.5,1.0,1.0,10.0,0.0,0.0,0.0,1.0,0.5
0.02,0.0,0.0,-0.3679139054241801,0.27274847391452073,0.994479064526904,0.5040907415315596,0.0833,0.0833,0.1,0.1,9.81,1.0,1.0,0.5,0.5,1.0,1.0,10.0,0.0,0.0,0.0,1.0,0.5
0.03,0.0,0.0,-0.4905828805697566,0.36445834414546385,0.9901867207847747,0.50727602399089,0.0833,0.0833,0.1,0.1,9.81,1.0,1.0,0.5,0.5,1.0,1.0,10.0,0.0,0.0,0.0,1.0,0.5
0.04,0.0,0.0,-0.6134763773736744,0.4572618738133199,0.9846666563956442,0.5113835596367822,0.0833,0.0833,0.1,0.1,9.81,1.0,1.0,0.5,0.5,1.0,1.0,10.0,0.0,0.0,0.0,1.0,0.5
0.05,0.0,0.0,-0.7366937793370133,0.5515071670679614,0.9779161106973244,0.5164260748517873,0.0833,0.0833,0.1,0.1,9.81,1.0,1.0,0.5,0.5,1.0,1.0,10.0,0.0,0.0,0.0,1.0,0.5
0.060000000000000005,0.0,0.0,-0.8603084852922307,0.6474742195317434,0.9699314526024493,0.5224194520163544,0.0833,0.0833,0.1,0.1,9.81,1.0,1.0,0.5,0.5,1.0,1.0,10.0,0.0,0.0,0.0,1.0,0.5
0.07,0.0,0.0,-0.9843588028803152,0.745353760713915,0.9607084837588681,0.5293819470348324,0.0833,0.0833,0.1,0.1,9.81,1.0,1.0,0.5,0.5,1.0,1.0,10.0,0.0,0.0,0.0,1.0,0.5
0.08,0.0,0.0,-1.1088358684972957,0.8452202078651256,0.9502428471243806,0.5373331668580067,0.0833,0.0833,0.1,0.1,9.81,1.0,1.0,0.5,0.5,1.0,1.0,10.0,0.0,0.0,0.0,1.0,0.5
0.09,0.0,0.0,-1.233667986664345,0.9469975514249093,0.9385305737636469,0.5462927421289735,0.0833,0.0833,0.1,0.1,9.81,1.0,1.0,0.5,0.5,1.0,1.0,10.0,0.0,0.0,0.0,1.0,0.5
0.09999999999999999,0.0,0.0,-1.3587008963143534,1.05041724006122,0.9255688062995796,0.5562786192626871,0.0833,0.0833,0.1,0.1,9.81,1.0,1.0,0.5,0.5,1.0,1.0,10.0,0.0,0.0,0.0,1.0,0.5
0.10999999999999999,0.0,0.0,-1.483673791984674,1.1549677978078425,0.9113567409949511,0.5673048898263054,0.0833,0.0833,0.1,0.1,9.81,1.0,1.0,0.5,0.5,1.0,1.0,10.0,0.0,0.0,0.0,1.0,0.5
0.11999999999999998,0.0,0.0,-1.608191585445251,1.2598372492365988,0.8958968292163811,0.5793790784376984,0.0833,0.0833,0.1,0.1,9.81,1.0,1.0,0.5,0.5,1.0,1.0,10.0,0.0,0.0,0.0,1.0,0.5
0.12999999999999998,0.0,0.0,-1.7316950427760534,1.363851760184444,0.8791962689039573,0.5924988318660658,0.0833,0.0833,0.1,0.1,9.81,1.0,1.0,0.5,0.5,1.0,1.0,10.0,0.0,0.0,0.0,1.0,0.5
0.13999999999999999,0.0,0.0,-1.8534322018380365,1.4654174768540882,0.8612687920157434,0.6066480028772129,0.0833,0.0833,0.1,0.1,9.81,1.0,1.0,0.5,0.5,1.0,1.0,10.0,0.0,0.0,0.0,1.0,0.5
0.15,0.0,0.0,-1.9724368532488714,1.5624773384454336,0.8421367084077043,0.6217922152934267,0.0833,0.0833,0.1,0.1,9.81,1.0,1.0,0.5,0.5,1.0,1.0,10.0,0.0,0.0,0.0,1.0,0.5
0.16,0.0,0.0,-2.0875225079200916,1.6524999521812442,0.8218330955193438,0.6378741411798254,0.0833,0.0833,0.1,0.1,9.81,1.0,1.0,0.5,0.5,1.0,1.0,10.0,0.0,0.0,0.0,1.0,0.5
0.17,0.0,0.0,-2.1973022643708497,1.7325216284930045,0.8004039279505495,0.6548089142148859,0.0833,0.0833,0.1,0.1,9.81,1.0,1.0,0.5,0.5,1.0,1.0,10.0,0.0,0.0,0.0,1.0,0.5
0.18000000000000002,0.0,0.0,-2.300244751375923,1.7992622177555588,0.777909835415198,0.6724803173216036,0.0833,0.0833,0.1,0.1,9.81,1.0,1.0,0.5,0.5,1.0,1.0,10.0,0.0,0.0,0.0,1.0,0.5
0.19000000000000003,0.0,0.0,-2.394771957046733,1.8493266604675145,0.754427093478035,0.6907385537167752,0.0833,0.0833,0.1,0.1,9.81,1.0,1.0,0.5,0.5,1.0,1.0,10.0,0.0,0.0,0.0,1.0,0.5
0.20000000000000004,0.0,0.0,-2.4793951383801343,1.8794848863659848,0.7300474371232577,0.7094004419860747,0.0833,0.0833,0.1,0.1,9.81,1.0,1.0,0.5,0.5,1.0,1.0,10.0,0.0,0.0,0.0,1.0,0.5
0.21000000000000005,0.0,0.0,-2.552871440961199,1.8869954470817305,0.7048763912595887,0.7282526696286776,0.0833,0.0833,0.1,0.1,9.81,1.0,1.0,0.5,0.5,1.0,1.0,10.0,0.0,0.0,0.0,1.0,0.5
0.22000000000000006,0.0,0.0,-2.614351141977761,1.8699125899024986,0.6790300530790445,0.7470582580367456,0.0833,0.0833,0.1,0.1,9.81,1.0,1.0,0.5,0.5,1.0,1.0,10.0,0.0,0.0,0.0,1.0,0.5
0.23000000000000007,0.0,0.0,-2.663480543684113,1.8273063336403792,0.652630595798287,0.7655657196860431,0.0833,0.0833,0.1,0.1,9.81,1.0,1.0,0.5,0.5,1.0,1.0,10.0,0.0,0.0,0.0,1.0,0.5
0.24000000000000007,0.0,0.0,-2.7004334913688566,1.7593405653200054,0.6258010846057709,0.7835197386096846,0.0833,0.0833,0.1,0.1,9.81,1.0,1.0,0.5,0.5,1.0,1.0,10.0,0.0,0.0,0.0,1.0,0.5
0.25000000000000006,0.0,0.0,-2.725863838920622,1.6671925295095884,0.5986603760073261,0.8006718333172179,0.0833,0.0833,0.1,0.1,9.81,1.0,1.0,0.5,0.5,1.0,1.0,10.0,0.0,0.0,0.0,1.0,0.5
0.26000000000000006,0.0,0.0,-2.7407936449649823,1.552841916998502,0.571318834332429,0.8167895227436518,0.0833,0.0833,0.1,0.1,9.81,1.0,1.0,0.5,0.5,1.0,1.0,10.0,0.0,0.0,0.0,1.0,0.5
0.2700000000000001,0.0,0.0,-2.746467308388217,1.4187888624990772,0.5438753649603724,0.8316629716119887,0.0833,0.0833,0.1,0.1,9.81,1.0,1.0,0.5,0.5,1.0,1.0,10.0,0.0,0.0,0.0,1.0,0.5
0.2800000000000001,0.0,0.0,-2.7442047398408818,1.267766445673164,0.5164159365230117,0.8451087375185751,0.0833,0.0833,0.1,0.1,9.81,1.0,1.0,0.5,0.5,1.0,1.0,10.0,0.0,0.0,0.0,1.0,0.5
0.2900000000000001,0.0,0.0,-2.7352786782240583,1.1024978920035835,0.4890134664821023,0.8569708346968936,0.0833,0.0833,0.1,0.1,9.81,1.0,1.0,0.5,0.5,1.0,1.0,10.0,0.0,0.0,0.0,1.0,0.5
0.3000000000000001,0.0,0.0,-2.7208285143485913,0.9255236326607806,0.46172875597589763,0.8671197086485052,0.0833,0.0833,0.1,0.1,9.81,1.0,1.0,0.5,0.5,1.0,1.0,10.0,0.0,0.0,0.0,1.0,0.5
0.3100000000000001,0.0,0.0,-2.7018114637054262,0.7391005773045253,0.4346120966387345,0.8754498479315783,0.0833,0.0833,0.1,0.1,9.81,1.0,1.0,0.5,0.5,1.0,1.0,10.0,0.0,0.0,0.0,1.0,0.5
0.3200000000000001,0.0,0.0,-2.6789847326265077,0.5451615791563749,0.40770520369670693,0.8818767031574762,0.0833,0.0833,0.1,0.1,9.81,1.0,1.0,0.5,0.5,1.0,1.0,10.0,0.0,0.0,0.0,1.0,0.5
0.3300000000000001,0.0,0.0,-2.6529096123728584,0.3453175300891584,0.3810432100279559,0.8863334288546212,0.0833,0.0833,0.1,0.1,9.81,1.0,1.0,0.5,0.5,1.0,1.0,10.0,0.0,0.0,0.0,1.0,0.5
0.34000000000000014,0.0,0.0,-2.6239688243456127,0.14088512038625586,0.35465654645672945,0.8887677874997332,0.0833,0.0833,0.1,0.1,9.81,1.0,1.0,0.5,0.5,1.0,1.0,10.0,0.0,0.0,0.0,1.0,0.5
0.35000000000000014,0.0,0.0,-2.5923903091727336,-0.0670731378808537,0.32857261162673607,0.8891394018490457,0.0833,0.0833,0.1,0.1,9.81,1.0,1.0,0.5,0.5,1.0,1.0,10.0,0.0,0.0,0.0,1.0,0.5
0.36000000000000015,0.0,0.0,-2.5582728310515823,-0.27770580270363865,0.3028171919030057,0.887417428913611,0.0833,0.0833,0.1,0.1,9.81,1.0,1.0,0.5,0.5,1.0,1.0,10.0,0.0,0.0,0.0,1.0,0.5
0.37000000000000016,0.0,0.0,-2.5216106439183483,-0.49033182287220406,0.277415628277658,0.8835786561871434,0.0833,0.0833,0.1,0.1,9.81,1.0,1.0,0.5,0.5,1.0,1.0,10.0,0.0,0.0,0.0,1.0,0.5
0.38000000000000017,0.0,0.0,-2.48231583717563,-0.7044050983512808,0.25239374750147275,0.8776059799423764,0.0833,0.0833,0.1,0.1,9.81,1.0,1.0,0.5,0.5,1.0,1.0,10.0,0.0,0.0,0.0,1.0,0.5
0.3900000000000002,0.0,0.0,-2.440237868694239,-0.9194853147468918,0.22777858367460666,0.869487206883377,0.0833,0.0833,0.1,0.1,9.81,1.0,1.0,0.5,0.5,1.0,1.0,10.0,0.0,0.0,0.0,1.0,0.5
0.4000000000000002,0.0,0.0,-2.3951803102080365,-1.1352150303883146,0.20359891860653545,0.8592141158782268,0.0833,0.0833,0.1,0.1,9.81,1.0,1.0,0.5,0.5,1.0,1.0,10.0,0.0,0.0,0.0,1.0,0.5
0.4100000000000002,0.0,0.0,-2.346915094009117,-1.3513024307664434,0.1798856675189858,0.846781719853507,0.0833,0.0833,0.1,0.1,9.81,1.0,1.0,0.5,0.5,1.0,1.0,10.0,0.0,0.0,0.0,1.0,0.5
0.4200000000000002,0.0,0.0,-2.2951946584688847,-1.5675089043909896,0.1566721331378812,0.8321876752759203,0.0833,0.0833,0.1,0.1,9.81,1.0,1.0,0.5,0.5,1.0,1.0,10.0,0.0,0.0,0.0,1.0,0.5
0.4300000000000002,0.0,0.0,-2.2397624146192068,-1.7836405002114029,0.13399414707460958,0.8154317956705084,0.0833,0.0833,0.1,0.1,9.81,1.0,1.0,0.5,0.5,1.0,1.0,10.0,0.0,0.0,0.0,1.0,0.5
0.4400000000000002,0.0,0.0,-2.180361944573421,-1.9995423089803301,0.1118901132166195,0.7965156351477182,0.0833,0.0833,0.1,0.1,9.81,1.0,1.0,0.5,0.5,1.0,1.0,10.0,0.0,0.0,0.0,1.0,0.5
0.45000000000000023,0.0,0.0,-2.116745325704285,-2.2150948117198723,0.09040096382889928,0.775442117481651,0.0833,0.0833,0.1,0.1,9.81,1.0,1.0,0.5,0.5,1.0,1.0,10.0,0.0,0.0,0.0,1.0,0.5
0.46000000000000024,0.0,0.0,-2.048680972131603,-2.4302112210493623,0.06957003515901883,0.7522151959103767,0.0833,0.0833,0.1,0.1,9.81,1.0,1.0,0.5,0.5,1.0,1.0,10.0,0.0,0.0,0.0,1.0,0.5
0.47000000000000025,0.0,0.0,-1.9759614110219421,-2.644834780155677,0.049442865321559996,0.7268395388312028,0.0833,0.0833,0.1,0.1,9.81,1.0,1.0,0.5,0.5,1.0,1.0,10.0,0.0,0.0,0.0,1.0,0.5
0.48000000000000026,0.0,0.0,-1.8984114764801308,-2.8589348588042465,0.03006691277339764,0.6993202474808418,0.0833,0.0833,0.1,0.1,9.81,1.0,1.0,0.5,0.5,1.0,1.0,10.0,0.0,0.0,0.0,1.0,0.5
0.49000000000000027,0.0,0.0,-1.8158975185810755,-3.072500475457589,0.011491188335084114,0.6696626242683626,0.0833,0.0833,0.1,0.1,9.81,1.0,1.0,0.5,0.5,1.0,1.0,10.0,0.0,0.0,0.0,1.0,0.5
0.5000000000000002,0.0,0.0,-1.7283383992324397,-3.2855295573046375,-0.0062342130792224955,0.6378720256259368,0.0833,0.0833,0.1,0.1,9.81,1.0,1.0,0.5,0.5,1.0,1.0,10.0,0.0,0.0,0.0,1.0,0.5
0.5100000000000002,0.0,0.0,-1.6357192883271505,-3.4980118041750847,-0.023058703727884725,0.6039538522385254,0.0833,0.0833,0.1,0.1,9.81,1.0,1.0,0.5,0.5,1.0,1.0,10.0,0.0,0.0,0.0,1.0,0.5
0.5200000000000002,0.0,0.0,-1.5381095850492739,-3.70990243450469,-0.038931951644560196,0.5679137536740739,0.0833,0.0833,0.1,0.1,9.81,1.0,1.0,0.5,0.5,1.0,1.0,10.0,0.0,0.0,0.0,1.0,0.5
0.5300000000000002,0.0,0.0,-1.435686655422971,-3.9210833756694283,-0.05380483596622801,0.5297581551458317,0.0833,0.0833,0.1,0.1,9.81,1.0,1.0,0.5,0.5,1.0,1.0,10.0,0.0,0.0,0.0,1.0,0.5
0.5400000000000003,0.0,0.0,-1.3287674454102991,-4.131307697927577,-0.06763067716367123,0.489495252354384,0.0833,0.0833,0.1,0.1,9.81,1.0,1.0,0.5,0.5,1.0,1.0,10.0,0.0,0.0,0.0,1.0,0.5
0.5500000000000003,0.0,0.0,-1.2178502695137066,-4.340122502371705,-0.080366832339142,0.44713666560404663,0.0833,0.0833,0.1,0.1,9.81,1.0,1.0,0.5,0.5,1.0,1.0,10.0,0.0,0.0,0.0,1.0,0.5
0.5600000000000003,0.0,0.0,-1.1036689177668977,-4.5467655451806905,-0.09197676846730372,0.4026999927798519,0.0833,0.0833,0.1,0.1,9.81,1.0,1.0,0.5,0.5,1.0,1.0,10.0,0.0,0.0,0.0,1.0,0.5
0.5700000000000003,0.0,0.0,-0.9872601681358274,-4.750032545123808,-0.1024327436426449,0.35621254149731607,0.0833,0.0833,0.1,0.1,9.81,1.0,1.0,0.5,0.5,1.0,1.0,10.0,0.0,0.0,0.0,1.0,0.5
0.5800000000000003,0.0,0.0,-0.8700430137927992,-4.948116948972067,-0.1117192252499699,0.30771653060964727,0.0833,0.0833,0.1,0.1,9.81,1.0,1.0,0.5,0.5,1.0,1.0,10.0,0.0,0.0,0.0,1.0,0.5
0.5900000000000003,0.0,0.0,-0.7539022773588214,-5.138434151850709,-0.1198371317842999,0.25727598793423695,0.0833,0.0833,0.1,0.1,9.81,1.0,1.0,0.5,0.5,1.0,1.0,10.0,0.0,0.0,0.0,1.0,0.5
0.6000000000000003,0.0,0.0,-0.6412596779510282,-5.317460075395308,-0.1268088673404095,0.2049853686423206,0.0833,0.0833,0.1,0.1,9.81,1.0,1.0,0.5,0.5,1.0,1.0,10.0,0.0,0.0,0.0,1.0,0.5
0.6100000000000003,0.0,0.0,-0.5351018554601683,-5.480639903910883,-0.1326838832746972,0.15097949581624293,0.0833,0.0833,0.1,0.1,9.81,1.0,1.0,0.5,0.5,1.0,1.0,10.0,0.0,0.0,0.0,1.0,0.5
0.6200000000000003,0.0,0.0,-0.43892066655536494,-5.622450800615669,-0.1375441233615156,0.0954437232124047,0.0833,0.0833,0.1,0.1,9.81,1.0,1.0,0.5,0.5,1.0,1.0,10.0,0.0,0.0,0.0,1.0,0.5
0.6300000000000003,0.0,0.0,-0.3565155459861776,-5.736715277258406,-0.14150822135882327,0.03862229433636414,0.0833,0.0833,0.1,0.1,9.81,1.0,1.0,0.5,0.5,1.0,1.0,10.0,0.0,0.0,0.0,1.0,0.5
0.6400000000000003,0.0,0.0,-0.2916261007766332,-5.817230522241212,-0.14473288293705663,-0.01917798809441631,0.0833,0.0833,0.1,0.1,9.81,1.0,1.0,0.5,0.5,1.0,1.0,10.0,0.0,0.0,0.0,1.0,0.5
0.6500000000000004,0.0,0.0,-0.24741804970795522,-5.858678325523146,-0.14740980851614435,-0.07759187888090813,0.0833,0.0833,0.1,0.1,9.81,1.0,1.0,0.5,0.5,1.0,1.0,10.0,0.0,0.0,0.0,1.0,0.5
0.6600000000000004,0.0,0.0,-0.2259285337193042,-5.85762490044956,-0.14975714888060687,-0.13620958125601995,0.0833,0.0833,0.1,0.1,9.81,1.0,1.0,0.5,0.5,1.0,1.0,10.0,0.0,0.0,0.0,1.0,0.5
0.6700000000000004,0.0,0.0,-0.22764356700249935,-5.813292307434296,-0.1520059191872834,-0.19459978220604873,0.0833,0.0833,0.1,0.1,9.81,1.0,1.0,0.5,0.5,1.0,1.0,10.0,0.0,0.0,0.0,1.0,0.5
0.6800000000000004,0.0,0.0,-0.2513706937517025,-5.72779780642601,-0.15438355907614434,-0.25233793715098995,0.0833,0.0833,0.1,0.1,9.81,1.0,1.0,0.5,0.5,1.0,1.0,10.0,0.0,0.0,0.0,1.0,0.5
0.6900000000000004,0.0,0.0,-0.29446398216259095,-5.605753219479403,-0.1570979951216341,-0.3090337233297546,0.0833,0.0833,0.1,0.1,9.81,1.0,1.0,0.5,0.5,1.0,1.0,10.0,0.0,0.0,0.0,1.0,0.5
0.7000000000000004,0.0,0.0,-0.35331400385241035,-5.453385358523834,-0.160325402788071,-0.36435186147155346,0.0833,0.0833,0.1,0.1,9.81,1.0,1.0,0.5,0.5,1.0,1.0,10.0,0.0,0.0,0.0,1.0,0.5
0.7100000000000004,0.0,0.0,-0.42392564233343594,-5.277504982319683,-0.16420346564360686,-0.41802309238987745,0.0833,0.0833,0.1,0.1,9.81,1.0,1.0,0.5,0.5,1.0,1.0,10.0,0.0,0.0,0.0,1.0,0.5
0.7200000000000004,0.0,0.0,-0.502416571835339,-5.084630919545159,-0.16883012834657607,-0.46984541467089785,0.0833,0.0833,0.1,0.1,9.81,1.0,1.0,0.5,0.5,1.0,1.0,10.0,0.0,0.0,0.0,1.0,0.5
0.7300000000000004,0.0,0.0,-0.5853470497297317,-4.880429214041899,-0.17426652744413312,-0.5196780765795989,0.0833,0.0833,0.1,0.1,9.81,1.0,1.0,0.5,0.5,1.0,1.0,10.0,0.0,0.0,0.0,1.0,0.5
0.7400000000000004,0.0,0.0,-0.6698745334832386,-4.6694729708756855,-0.18054232290099353,-0.5674316072911436,0.0833,0.0833,0.1,0.1,9.81,1.0,1.0,0.5,0.5,1.0,1.0,10.0,0.0,0.0,0.0,1.0,0.5
0.7500000000000004,0.0,0.0,-0.7537754802989574,-4.455239737693561,-0.18766186677093885,-0.613056720348783,0.0833,0.0833,0.1,0.1,9.81,1.0,1.0,0.5,0.5,1.0,1.0,10.0,0.0,0.0,0.0,1.0,0.5
0.7600000000000005,0.0,0.0,-0.835388577337809,-4.240243889067675,-0.19561015391454653,-0.656533946409394,0.0833,0.0833,0.1,0.1,9.81,1.0,1.0,0.5,0.5,1.0,1.0,10.0,0.0,0.0,0.0,1.0,0.5
0.7700000000000005,0.0,0.0,-0.9135239473035748,-4.026221761327518,-0.20435800434599247,-0.6978649092395938,0.0833,0.0833,0.1,0.1,9.81,1.0,1.0,0.5,0.5,1.0,1.0,10.0,0.0,0.0,0.0,1.0,0.5
0.7800000000000005,0.0,0.0,-0.987366908525872,-3.8143182060945096,-0.21386629300715887,-0.737065490745938,0.0833,0.0833,0.1,0.1,9.81,1.0,1.0,0.5,0.5,1.0,1.0,10.0,0.0,0.0,0.0,1.0,0.5
0.7900000000000005,0.0,0.0,-1.0563910459119394,-3.605249285005973,-0.22408925595451148,-0.7741607548632573,0.0833,0.0833,0.1,0.1,9.81,1.0,1.0,0.5,0.5,1.0,1.0,10.0,0.0,0.0,0.0,1.0,0.5
0.8000000000000005,0.0,0.0,-1.1202861409657652,-3.3994327704914022,-0.23497699958042292,-0.8091813395839764,0.0833,0.0833,0.1,0.1,9.81,1.0,1.0,0.5,0.5,1.0,1.0,10.0,0.0,0.0,0.0,1.0,0.5
0.8100000000000005,0.0,0.0,-1.1789014172565266,-3.1970871892112007,-0.24647736661533443,-0.8421609938880293,0.0833,0.0833,0.1,0.1,9.81,1.0,1.0,0.5,0.5,1.0,1.0,10.0,0.0,0.0,0.0,1.0,0.5
0.8200000000000005,0.0,0.0,-1.2322022518188251,-2.9983040142163273,-0.2585373039222886,-0.8731349663044385,0.0833,0.0833,0.1,0.1,9.81,1.0,1.0,0.5,0.5,1.0,1.0,10.0,0.0,0.0,0.0,1.0,0.5
0.8300000000000005,0.0,0.0,-1.2802377873531139,-2.803098590449556,-0.2711038540946659,-0.9021390044420278,0.0833,0.0833,0.1,0.1,9.81,1.0,1.0,0.5,0.5,1.0,1.0,10.0,0.0,0.0,0.0,1.0,0.5
0.8400000000000005,0.0,0.0,-1.323116943817805,-2.611444996493728,-0.28412486712526447,-0.9292087794534435,0.0833,0.0833,0.1,0.1,9.81,1.0,1.0,0.5,0.5,1.0,1.0,10.0,0.0,0.0,0.0,1.0,0.5
0.8500000000000005,0.0,0.0,-1.3609907015236826,-2.423299168136416,-0.29754950513681133,-0.9543795972238942,0.0833,0.0833,0.1,0.1,9.81,1.0,1.0,0.5,0.5,1.0,1.0,10.0,0.0,0.0,0.0,1.0,0.5
0.8600000000000005,0.0,0.0,-1.394038971553514,-2.238613663213018,-0.3113285941038404,-0.9776862965576326,0.0833,0.0833,0.1,0.1,9.81,1.0,1.0,0.5,0.5,1.0,1.0,10.0,0.0,0.0,0.0,1.0,0.5
0.8700000000000006,0.0,0.0,-1.422460777344494,-2.057346610409987,-0.3254148617461012,-0.9991632641205522,0.0833,0.0833,0.1,0.1,9.81,1.0,1.0,0.5,0.5,1.0,1.0,10.0,0.0,0.0,0.0,1.0,0.5
0.8800000000000006,0.0,0.0,-1.4464668074455977,-1.8794667093034971,-0.33976308975731895,-1.0188445178092984,0.0833,0.0833,0.1,0.1,9.81,1.0,1.0,0.5,0.5,1.0,1.0,10.0,0.0,0.0,0.0,1.0,0.5
0.8900000000000006,0.0,0.0,-1.4662736602652693,-1.7049556305660472,-0.3543302004971596,-1.0367638261763559,0.0833,0.0833,0.1,0.1,9.81,1.0,1.0,0.5,0.5,1.0,1.0,10.0,0.0,0.0,0.0,1.0,0.5
0.9000000000000006,0.0,0.0,-1.4820992965437545,-1.5338087791683797,-0.36907529250658466,-1.0529548430012547,0.0833,0.0833,0.1,0.1,9.81,1.0,1.0,0.5,0.5,1.0,1.0,10.0,0.0,0.0,0.0,1.0,0.5
0.9100000000000006,0.0,0.0,-1.4941593573599683,-1.3660351008776874,-0.38395963511308223,-1.067451244238786,0.0833,0.0833,0.1,0.1,9.81,1.0,1.0,0.5,0.5,1.0,1.0,10.0,0.0,0.0,0.0,1.0,0.5
0.9200000000000006,0.0,0.0,-1.5026641072264395,-1.201656407655871,-0.39894662950795035,-1.080286860299252,0.0833,0.0833,0.1,0.1,9.81,1.0,1.0,0.5,0.5,1.0,1.0,10.0,0.0,0.0,0.0,1.0,0.5
0.9300000000000006,0.0,0.0,-1.5078158337847187,-1.0407065498461991,-0.4140017416541574,-1.0914958005931072,0.0833,0.0833,0.1,0.1,9.81,1.0,1.0,0.5,0.5,1.0,1.0,10.0,0.0,0.0,0.0,1.0,0.5
0.9400000000000006,0.0,0.0,-1.5098065861351466,-0.8832306563040015,-0.429092410965965,-1.1011125699889432,0.0833,0.0833,0.1,0.1,9.81,1.0,1.0,0.5,0.5,1.0,1.0,10.0,0.0,0.0,0.0,1.0,0.5
0.9500000000000006,0.0,0.0,-1.5088161693067101,-0.7292845859429676,-0.44418793770952525,-1.1091721786367617,0.0833,0.0833,0.1,0.1,9.81,1.0,1.0,0.5,0.5,1.0,1.0,10.0,0.0,0.0,0.0,1.0,0.5
0.9600000000000006,0.0,0.0,-1.5050103375984452,-0.5789346767428353,-0.4592593513817328,-1.1157102477421905,0.0833,0.0833,0.1,0.1,9.81,1.0,1.0,0.5,0.5,1.0,1.0,10.0,0.0,0.0,0.0,1.0,0.5
0.9700000000000006,0.0,0.0,-1.4985391480918102,-0.43225783462594886,-0.47427926184908215,-1.1207631145102888,0.0833,0.0833,0.1,0.1,9.81,1.0,1.0,0.5,0.5,1.0,1.0,10.0,0.0,0.0,0.0,1.0,0.5
0.9800000000000006,0.0,0.0,-1.4895354502248188,-0.28934196995399847,-0.4892216947166153,-1.1243679397225474,0.0833,0.0833,0.1,0.1,9.81,1.0,1.0,0.5,0.5,1.0,1.0,10.0,0.0,0.0,0.0,1.0,0.5
0.9900000000000007,0.0,0.0,-1.4781134999433927,-0.1502867601025385,-0.5040619122200255,-1.1265628213385397,0.0833,0.0833,0.1,0.1,9.81,1.0,1.0,0.5,0.5,1.0,1.0,10.0,0.0,0.0,0.0,1.0,0.5
1.0000000000000007,0.0,0.0,-1.4643676991068892,-0.01520468988341431,-0.5187762208798131,-1.127386917163594,0.0833,0.0833,0.1,0.1,9.81,1.0,1.0,0.5,0.5,1.0,1.0,10.0,0.0,0.0,0.0,1.0,0.5
1.0100000000000007,0.0,0.0,-1.4483714736197821,0.11577770457308961,-0.533341767226251,-1.1268805790110454,0.0833,0.0833,0.1,0.1,9.81,1.0,1.0,0.5,0.5,1.0,1.0,10.0,0.0,0.0,0.0,1.0,0.5
1.0200000000000007,0.0,0.0,-1.4301763179187876,0.24251848995263708,-0.547736323108076,-1.1250854999094992,0.0833,0.0833,0.1,0.1,9.81,1.0,1.0,0.5,0.5,1.0,1.0,10.0,0.0,0.0,0.0,1.0,0.5
1.0300000000000007,0.0,0.0,-1.4098110493053886,0.36485901818998323,-0.5619380624519792,-1.1220448747483194,0.0833,0.0833,0.1,0.1,9.81,1.0,1.0,0.5,0.5,1.0,1.0,10.0,0.0,0.0,0.0,1.0,0.5
1.0400000000000007,0.0,0.0,-1.3872813330567704,0.4826227979668695,-0.5759253318609521,-1.1178035733004255,0.0833,0.0833,0.1,0.1,9.81,1.0,1.0,0.5,0.5,1.0,1.0,10.0,0.0,0.0,0.0,1.0,0.5
1.0500000000000007,0.0,0.0,-1.3625695575681571,0.5956147470876453,-0.589676418140222,-1.112408322798253,0.0833,0.0833,0.1,0.1,9.81,1.0,1.0,0.5,0.5,1.0,1.0,10.0,0.0,0.0,0.0,1.0,0.5
1.0600000000000007,0.0,0.0,-1.3356351565342446,0.703621046665939,-0.6031693167221125,-1.1059078951719445,0.0833,0.0833,0.1,0.1,9.81,1.0,1.0,0.5,0.5,1.0,1.0,10.0,0.0,0.0,0.0,1.0,0.5
1.0700000000000007,0.0,0.0,-1.30641549004045,0.8064098410967294,-0.6163815060091848,-1.0983532917270107,0.0833,0.0833,0.1,0.1,9.81,1.0,1.0,0.5,0.5,1.0,1.0,10.0,0.0,0.0,0.0,1.0,0.5
1.0800000000000007,0.0,0.0,-1.2748274051130488,0.9037330387743375,-0.6292897338238981,-1.0897979155310369,0.0833,0.0833,0.1,0.1,9.81,1.0,1.0,0.5,0.5,1.0,1.0,10.0,0.0,0.0,0.0,1.0,0.5
1.0900000000000007,0.0,0.0,-1.2407695945824,0.9953294597855111,-0.6418698233606158,-1.0802977192530598,0.0833,0.0833,0.1,0.1,9.81,1.0,1.0,0.5,0.5,1.0,1.0,10.0,0.0,0.0,0.0,1.0,0.5
1.1000000000000008,0.0,0.0,-1.2041258562959758,1.0809295396496836,-0.6540965071548599,-1.0699113138953815,0.0833,0.0833,0.1,0.1,9.81,1.0,1.0,0.5,0.5,1.0,1.0,10.0,0.0,0.0,0.0,1.0,0.5
1.1100000000000008,0.0,0.0,-1.1647693181749597,1.1602617241952435,-0.665943298440488,-1.0587000221030267,0.0833,0.0833,0.1,0.1,9.81,1.0,1.0,0.5,0.5,1.0,1.0,10.0,0.0,0.0,0.0,1.0,0.5
1.1200000000000008,0.0,0.0,-1.122567635023226,1.233060573934276,-0.6773824096424534,-1.0467278589318962,0.0833,0.0833,0.1,0.1,9.81,1.0,1.0,0.5,0.5,1.0,1.0,10.0,0.0,0.0,0.0,1.0,0.5
1.1300000000000008,0.0,0.0,-1.0773890798523218,1.2990764362732277,-0.6883847274149664,-1.0340614235388592,0.0833,0.0833,0.1,0.1,9.81,1.0,1.0,0.5,0.5,1.0,1.0,10.0,0.0,0.0,0.0,1.0,0.5
1.1400000000000008,0.0,0.0,-1.029109349691353,1.3580863484657248,-0.6989198523618496,-1.0207696876273271,0.0833,0.0833,0.1,0.1,9.81,1.0,1.0,0.5,0.5,1.0,1.0,10.0,0.0,0.0,0.0,1.0,0.5
1.1500000000000008,0.0,0.0,-0.9776187930065079,1.409905622069104,-0.7089562092141024,-1.0069236709104243,0.0833,0.0833,0.1,0.1,9.81,1.0,1.0,0.5,0.5,1.0,1.0,10.0,0.0,0.0,0.0,1.0,0.5
1.1600000000000008,0.0,0.0,-0.9228296584722291,1.4543993606342531,-0.7184612297616458,-0.992596000367323,0.0833,0.0833,0.1,0.1,9.81,1.0,1.0,0.5,0.5,1.0,1.0,10.0,0.0,0.0,0.0,1.0,0.5
1.1700000000000008,0.0,0.0,-0.8646828828629842,1.4914930144620642,-0.7274016063936742,-0.9778603583500133,0.0833,0.0833,0.1,0.1,9.81,1.0,1.0,0.5,0.5,1.0,1.0,10.0,0.0,0.0,0.0,1.0,0.5
1.1800000000000008,0.0,0.0,-0.803153900172811,1.5211810189325385,-0.735743609054789,-0.9627908339365845,0.0833,0.0833,0.1,0.1,9.81,1.0,1.0,0.5,0.5,1.0,1.0,10.0,0.0,0.0,0.0,1.0,0.5
1.1900000000000008,0.0,0.0,-0.738256981458696,1.5435326271279999,-0.7434534533247483,-0.9474612012508766,0.0833,0.0833,0.1,0.1,9.81,1.0,1.0,0.5,0.5,1.0,1.0,10.0,0.0,0.0,0.0,1.0,0.5
1.2000000000000008,0.0,0.0,-0.6700477124143693,1.5586942452235713,-0.7504977028542338,-0.9319441564819946,0.0833,0.0833,0.1,0.1,9.81,1.0,1.0,0.5,0.5,1.0,1.0,10.0,0.0,0.0,0.0,1.0,0.5
1.2100000000000009,0.0,0.0,-0.5986233767027256,1.5668878958997112,-0.7568436862179599,-0.9163105507541449,0.0833,0.0833,0.1,0.1,9.81,1.0,1.0,0.5,0.5,1.0,1.0,10.0,0.0,0.0,0.0,1.0,0.5
1.2200000000000009,0.0,0.0,-0.5241212166441123,1.5684058288656606,-0.7624599069211607,-0.9006286578160094,0.0833,0.0833,0.1,0.1,9.81,1.0,1.0,0.5,0.5,1.0,1.0,10.0,0.0,0.0,0.0,1.0,0.5
1.2300000000000009,0.0,0.0,-0.4467147572461784,1.563601706301934,-0.767316426089206,-0.8849635132680129,0.0833,0.0833,0.1,0.1,9.81,1.0,1.0,0.5,0.5,1.0,1.0,10.0,0.0,0.0,0.0,1.0,0.5
1.2400000000000009,0.0,0.0,-0.36660856946623155,1.5528791464352245,-0.7713852002139093,-0.869376355919483,0.0833,0.0833,0.1,0.1,9.81,1.0,1.0,0.5,0.5,1.0,1.0,10.0,0.0,0.0,0.0,1.0,0.5
1.2500000000000009,0.0,0.0,-0.2840319837443018,1.5366786530259728,-0.7746403608201645,-0.8539241927020585,0.0833,0.0833,0.1,0.1,9.81,1.0,1.0,0.5,0.5,1.0,1.0,10.0,0.0,0.0,0.0,1.0,0.5
1.260000000000001,0.0,0.0,-0.199232327131859,1.5154640590874435,-0.7770584284025731,-0.8386594976593506,0.0833,0.0833,0.1,0.1,9.81,1.0,1.0,0.5,0.5,1.0,1.0,10.0,0.0,0.0,0.0,1.0,0.5
1.270000000000001,0.0,0.0,-0.11246824421195412,1.489709566980362,-0.7786184587091735,-0.8236300443650634,0.0833,0.0833,0.1,0.1,9.81,1.0,1.0,0.5,0.5,1.0,1.0,10.0,0.0,0.0,0.0,1.0,0.5
1.280000000000001,0.0,0.0,-0.024003585275882908,1.4598882992283082,-0.7793021247127526,-0.8088788610541588,0.0833,0.0833,0.1,0.1,9.81,1.0,1.0,0.5,0.5,1.0,1.0,10.0,0.0,0.0,0.0,1.0,0.5
1.290000000000001,0.0,0.0,0.06589777371800269,1.426463028152168,-0.7790937418751106,-0.7944442897944534,0.0833,0.0833,0.1,0.1,9.81,1.0,1.0,0.5,0.5,1.0,1.0,10.0,0.0,0.0,0.0,1.0,0.5
1.300000000000001,0.0,0.0,0.15697595141804868,1.3898794764066813,-0.7779802472769174,-0.780360125719792,0.0833,0.0833,0.1,0.1,9.81,1.0,1.0,0.5,0.5,1.0,1.0,10.0,0.0,0.0,0.0,1.0,0.5
1.310000000000001,0.0,0.0,0.24897782569609522,1.3505623176462425,-0.7759511447937858,-0.7666558097651658,0.0833,0.0833,0.1,0.1,9.81,1.0,1.0,0.5,0.5,1.0,1.0,10.0,0.0,0.0,0.0,1.0,0.5
1.320000000000001,0.0,0.0,0.34165855863048933,1.3089137868837633,-0.7729984288771418,-0.753356648194658,0.0833,0.0833,0.1,0.1,9.81,1.0,1.0,0.5,0.5,1.0,1.0,10.0,0.0,0.0,0.0,1.0,0.5
1.330000000000001,0.0,0.0,0.4347819814667597,1.2653146484951716,-0.7691164988952439,-0.7404840339762705,0.0833,0.0833,0.1,0.1,9.81,1.0,1.0,0.5,0.5,1.0,1.0,10.0,0.0,0.0,0.0,1.0,0.5
1.340000000000001,0.0,0.0,0.5281199931545663,1.2201271676206815,-0.76430207469993,-0.7280556481363628,0.0833,0.0833,0.1,0.1,9.81,1.0,1.0,0.5,0.5,1.0,1.0,10.0,0.0,0.0,0.0,1.0,0.5
1.350000000000001,0.0,0.0,0.6214511541306443,1.1736996796866768,-0.7585541223891563,-0.7160856230615882,0.0833,0.0833,0.1,0.1,9.81,1.0,1.0,0.5,0.5,1.0,1.0,10.0,0.0,0.0,0.0,1.0,0.5
1.360000000000001,0.0,0.0,0.7145586655974856,1.1263723395508405,-0.7518737973625651,-0.7045846538604388,0.0833,0.0833,0.1,0.1,9.81,1.0,1.0,0.5,0.5,1.0,1.0,10.0,0.0,0.0,0.0,1.0,0.5
1.370000000000001,0.0,0.0,0.8072279208572797,1.078483641708994,-0.744264409875977,-0.6935600480452149,0.0833,0.0833,0.1,0.1,9.81,1.0,1.0,0.5,0.5,1.0,1.0,10.0,0.0,0.0,0.0,1.0,0.5
1.380000000000001,0.0,0.0,0.8992438059273631,1.0303773228825992,-0.7357314164795037,-0.683015707784955,0.0833,0.0833,0.1,0.1,9.81,1.0,1.0,0.5,0.5,1.0,1.0,10.0,0.0,0.0,0.0,1.0,0.5
1.390000000000001,0.0,0.0,0.9903879169048128,0.9824092779239395,-0.7262824390018654,-0.6729520427650634,0.0833,0.0833,0.1,0.1,9.81,1.0,1.0,0.5,0.5,1.0,1.0,10.0,0.0,0.0,0.0,1.0,0.5
1.400000000000001,0.0,0.0,1.0804358548038178,0.934954132813725,-0.7159273111059992,-0.6633658153084524,0.0833,0.0833,0.1,0.1,9.81,1.0,1.0,0.5,0.5,1.0,1.0,10.0,0.0,0.0,0.0,1.0,0.5
1.410000000000001,0.0,0.0,1.1691547564313203,0.8884111218984027,-0.7046781508485823,-0.6542499229504088,0.0833,0.0833,0.1,0.1,9.81,1.0,1.0,0.5,0.5,1.0,1.0,10.0,0.0,0.0,0.0,1.0,0.5
1.420000000000001,0.0,0.0,1.2563012220405376,0.8432089114572817,-0.6925494560826113,-0.6455931272075502,0.0833,0.0833,0.1,0.1,9.81,1.0,1.0,0.5,0.5,1.0,1.0,10.0,0.0,0.0,0.0,1.0,0.5
1.430000000000001,0.0,0.0,1.3416198050277595,0.7998090027445158,-0.6795582179128545,-0.6373797409045899,0.0833,0.0833,0.1,0.1,9.81,1.0,1.0,0.5,0.5,1.0,1.0,10.0,0.0,0.0,0.0,1.0,0.5
1.440000000000001,0.0,0.0,1.4248422322522105,0.7587073425585689,-0.6657240457418948,-0.6295892901238389,0.0833,0.0833,0.1,0.1,9.81,1.0,1.0,0.5,0.5,1.0,1.0,10.0,0.0,0.0,0.0,1.0,0.5
1.450000000000001,0.0,0.0,1.505687520766519,0.7204337785630963,-0.6510692957652422,-0.6221961705327635,0.0833,0.0833,0.1,0.1,9.81,1.0,1.0,0.5,0.5,1.0,1.0,10.0,0.0,0.0,0.0,1.0,0.5
1.460000000000001,0.0,0.0,1.5838631420805867,0.6855490321337283,-0.6356191931770437,-0.6151693213221375,0.0833,0.0833,0.1,0.1,9.81,1.0,1.0,0.5,0.5,1.0,1.0,10.0,0.0,0.0,0.0,1.0,0.5
1.470000000000001,0.0,0.0,1.6590673526946673,0.6546389356166396,-0.6194019369815994,-0.6084719429258227,0.0833,0.0833,0.1,0.1,9.81,1.0,1.0,0.5,0.5,1.0,1.0,10.0,0.0,0.0,0.0,1.0,0.5
1.480000000000001,0.0,0.0,1.730992754775751,0.6283058033575787,-0.6024487753727055,-0.6020612866551872,0.0833,0.0833,0.1,0.1,9.81,1.0,1.0,0.5,0.5,1.0,1.0,10.0,0.0,0.0,0.0,1.0,0.5
1.490000000000001,0.0,0.0,1.7993310713849788,0.6071569809618272,-0.5847940393810455,-0.5958885448555952,0.0833,0.0833,0.1,0.1,9.81,1.0,1.0,0.5,0.5,1.0,1.0,10.0,0.0,0.0,0.0,1.0,0.5
1.500000000000001,0.0,0.0,1.8637790187215062,0.591790840338032,-0.5664751231390418,-0.5898988686674814,0.0833,0.0833,0.1,0.1,9.81,1.0,1.0,0.5,0.5,1.0,1.0,10.0,0.0,0.0,0.0,1.0,0.5
1.5100000000000011,0.0,0.0,1.9240450411165557,0.5827807429407349,-0.5475324008640589,-0.5840315365410789,0.0833,0.0833,0.1,0.1,9.81,1.0,1.0,0.5,0.5,1.0,1.0,10.0,0.0,0.0,0.0,1.0,0.5
1.5200000000000011,0.0,0.0,1.979856556595923,0.5806577517044688,-0.5280090735991941,-0.5782202901271355,0.0833,0.0833,0.1,0.1,9.81,1.0,1.0,0.5,0.5,1.0,1.0,10.0,0.0,0.0,0.0,1.0,0.5
1.5300000000000011,0.0,0.0,2.0309672601005735,0.5858930949332836,-0.5079509427991195,-0.5723938452000407,0.0833,0.0833,0.1,0.1,9.81,1.0,1.0,0.5,0.5,1.0,1.0,10.0,0.0,0.0,0.0,1.0,0.5
1.5400000000000011,0.0,0.0,2.0771639681043257,0.5988815304217041,-0.48740611273353956,-0.5664765744301761,0.0833,0.0833,0.1,0.1,9.81,1.0,1.0,0.5,0.5,1.0,1.0,10.0,0.0,0.0,0.0,1.0,0.5
1.5500000000000012,0.0,0.0,2.118272479979536,0.6199267880593372,-0.46642462893689246,-0.5603893470815711,0.0833,0.0833,0.1,0.1,9.81,1.0,1.0,0.5,0.5,1.0,1.0,10.0,0.0,0.0,0.0,1.0,0.5
1.5600000000000012,0.0,0.0,2.15416198811348,0.6492301621249467,-0.44505806495174355,-0.5540504993460356,0.0833,0.0833,0.1,0.1,9.81,1.0,1.0,0.5,0.5,1.0,1.0,10.0,0.0,0.0,0.0,1.0,0.5
1.5700000000000012,0.0,0.0,2.184747689187645,0.6868830817359917,-0.42335907374046694,-0.5473768994210526,0.0833,0.0833,0.1,0.1,9.81,1.0,1.0,0.5,0.5,1.0,1.0,10.0,0.0,0.0,0.0,1.0,0.5
1.5800000000000012,0.0,0.0,2.209991419267063,0.7328641369662594,-0.4013809227971222,-0.5402850648365295,0.0833,0.0833,0.1,0.1,9.81,1.0,1.0,0.5,0.5,1.0,1.0,10.0,0.0,0.0,0.0,1.0,0.5
1.5900000000000012,0.0,0.0,2.2299003309304997,0.7870406285123852,-0.37917703279605947,-0.5326922867843759,0.0833,0.0833,0.1,0.1,9.81,1.0,1.0,0.5,0.5,1.0,1.0,10.0,0.0,0.0,0.0,1.0,0.5
1.6000000000000012,0.0,0.0,2.2445238217561476,0.8491743016621595,-0.3568005384597074,-0.5245177175898009,0.0833,0.0833,0.1,0.1,9.81,1.0,1.0,0.5,0.5,1.0,1.0,10.0,0.0,0.0,0.0,1.0,0.5
1.6100000000000012,0.0,0.0,2.253949081590882,0.9189305797884677,-0.3343038874065642,-0.515683382656186,0.0833,0.0833,0.1,0.1,9.81,1.0,1.0,0.5,0.5,1.0,1.0,10.0,0.0,0.0,0.0,1.0,0.5
1.6200000000000012,0.0,0.0,2.2582957303087015,0.9958903728593205,-0.3117384884940547,-0.5061150863626505,0.0833,0.0833,0.1,0.1,9.81,1.0,1.0,0.5,0.5,1.0,1.0,10.0,0.0,0.0,0.0,1.0,0.5
1.6300000000000012,0.0,0.0,2.2577100587923815,1.079563423731457,-0.28915441619536975,-0.4957431913101893,0.0833,0.0833,0.1,0.1,9.81,1.0,1.0,0.5,0.5,1.0,1.0,10.0,0.0,0.0,0.0,1.0,0.5
1.6400000000000012,0.0,0.0,2.2523593662534616,1.169402166053561,-0.26660017247351775,-0.4845032607252946,0.0833,0.0833,0.1,0.1,9.81,1.0,1.0,0.5,0.5,1.0,1.0,10.0,0.0,0.0,0.0,1.0,0.5
1.6500000000000012,0.0,0.0,2.242426818929676,1.2648151794136566,-0.24412250299152397,-0.47233656360330595,0.0833,0.0833,0.1,0.1,9.81,1.0,1.0,0.5,0.5,1.0,1.0,10.0,0.0,0.0,0.0,1.0,0.5
1.6600000000000013,0.0,0.0,2.2281071562233614,1.3651795054676243,-0.22176626072430725,-0.45919045046650153,0.0833,0.0833,0.1,0.1,9.81,1.0,1.0,0.5,0.5,1.0,1.0,10.0,0.0,0.0,0.0,1.0,0.5
1.6700000000000013,0.0,0.0,2.209603458876005,1.469851296408623,-0.19957430733121198,-0.4450186139466361,0.0833,0.0833,0.1,0.1,9.81,1.0,1.0,0.5,0.5,1.0,1.0,10.0,0.0,0.0,0.0,1.0,0.5
1.6800000000000013,0.0,0.0,2.187125085468349,1.5781744725512048,-0.17758744105172428,-0.4297812526481901,0.0833,0.0833,0.1,0.1,9.81,1.0,1.0,0.5,0.5,1.0,1.0,10.0,0.0,0.0,0.0,1.0,0.5
1.6900000000000013,0.0,0.0,2.160886789229531,1.6894872466541186,-0.15584433931028696,-0.4134451590496491,0.0833,0.0833,0.1,0.1,9.81,1.0,1.0,0.5,0.5,1.0,1.0,10.0,0.0,0.0,0.0,1.0,0.5
1.7000000000000013,0.0,0.0,2.1311089523247637,1.8031265171479975,-0.13438150448756503,-0.3959837528686988,0.0833,0.0833,0.1,0.1,9.81,1.0,1.0,0.5,0.5,1.0,1.0,10.0,0.0,0.0,0.0,1.0,0.5
1.7100000000000013,0.0,0.0,2.098018820234933,1.9184302384377714,-0.113233202232771,-0.3773770807345903,0.0833,0.0833,0.1,0.1,9.81,1.0,1.0,0.5,0.5,1.0,1.0,10.0,0.0,0.0,0.0,1.0,0.5
1.7200000000000013,0.0,0.0,2.061852581812128,2.034737948826737,-0.09243138306347774,-0.35761180154274136,0.0833,0.0833,0.1,0.1,9.81,1.0,1.0,0.5,0.5,1.0,1.0,10.0,0.0,0.0,0.0,1.0,0.5
1.7300000000000013,0.0,0.0,2.0228581162364008,2.151389684709792,-0.07200557967351552,-0.3366811748050256,0.0833,0.0833,0.1,0.1,9.81,1.0,1.0,0.5,0.5,1.0,1.0,10.0,0.0,0.0,0.0,1.0,0.5
1.7400000000000013,0.0,0.0,1.9812982106502794,2.267723544866837,-0.05198277424785075,-0.3145850668409284,0.0833,0.0833,0.1,0.1,9.81,1.0,1.0,0.5,0.5,1.0,1.0,10.0,0.0,0.0,0.0,1.0,0.5
1.7500000000000013,0.0,0.0,1.9374540359989567,2.3830722024114728,-0.0323872321256,-0.29132998685111355,0.0833,0.0833,0.1,0.1,9.81,1.0,1.0,0.5,0.5,1.0,1.0,10.0,0.0,0.0,0.0,1.0,0.5
1.7600000000000013,0.0,0.0,1.8916286486234826,2.4967587043313104,-0.013240300372112384,-0.26692916173833775,0.0833,0.0833,0.1,0.1,9.81,1.0,1.0,0.5,0.5,1.0,1.0,10.0,0.0,0.0,0.0,1.0,0.5
1.7700000000000014,0.0,0.0,1.8441502578981692,2.6080919571802847,0.0054398277251977,-0.24140265486397539,0.0833,0.0833,0.1,0.1,9.81,1.0,1.0,0.5,0.5,1.0,1.0,10.0,0.0,0.0,0.0,1.0,0.5
1.7800000000000014,0.0,0.0,1.7953749641571788,2.7163623761876887,0.023638378452548986,-0.21477752956637441,0.0833,0.0833,0.1,0.1,9.81,1.0,1.0,0.5,0.5,1.0,1.0,10.0,0.0,0.0,0.0,1.0,0.5
1.7900000000000014,0.0,0.0,1.745688627608641,2.8208382724466343,0.04134428680182409,-0.18708805302091966,0.0833,0.0833,0.1,0.1,9.81,1.0,1.0,0.5,0.5,1.0,1.0,10.0,0.0,0.0,0.0,1.0,0.5
1.8000000000000014,0.0,0.0,1.6955074829153969,2.9207636605222347,0.05855049835941396,-0.15837592973950507,0.0833,0.0833,0.1,0.1,9.81,1.0,1.0,0.5,0.5,1.0,1.0,10.0,0.0,0.0,0.0,1.0,0.5
1.8100000000000014,0.0,0.0,1.6452770753505572,3.0153582694244943,0.07525426931381766,-0.12869054666489527,0.0833,0.0833,0.1,0.1,9.81,1.0,1.0,0.5,0.5,1.0,1.0,10.0,0.0,0.0,0.0,1.0,0.5
1.8200000000000014,0.0,0.0,1.5954690779471583,3.103820605755482,0.09145744559433952,-0.09808920361342452,0.0833,0.0833,0.1,0.1,9.81,1.0,1.0,0.5,0.5,1.0,1.0,10.0,0.0,0.0,0.0,1.0,0.5
1.8300000000000014,0.0,0.0,1.5465755748621755,3.1853349113007265,0.10716669783182586,-0.0666372942858918,0.0833,0.0833,0.1,0.1,9.81,1.0,1.0,0.5,0.5,1.0,1.0,10.0,0.0,0.0,0.0,1.0,0.5
1.8400000000000014,0.0,0.0,1.4991004871212499,3.2590827343296156,0.12239368507550592,-0.03440839514307256,0.0833,0.0833,0.1,0.1,9.81,1.0,1.0,0.5,0.5,1.0,1.0,10.0,0.0,0.0,0.0,1.0,0.5
1.8500000000000014,0.0,0.0,1.4535479939865317,3.3242595524149086,0.13715511776832834,-0.0014842135103051044,0.0833,0.0833,0.1,0.1,9.81,1.0,1.0,0.5,0.5,1.0,1.0,10.0,0.0,0.0,0.0,1.0,0.5
1.8600000000000014,0.0,0.0,1.4104080779196952,3.380096418796386,0.15147269030733432,0.032045655930399784,0.0833,0.0833,0.1,0.1,9.81,1.0,1.0,0.5,0.5,1.0,1.0,10.0,0.0,0.0,0.0,1.0,0.5
1.8700000000000014,0.0,0.0,1.3701396860272306,3.425885962428378,0.16537285655466674,0.0660842137439683,0.0833,0.0833,0.1,0.1,9.81,1.0,1.0,0.5,0.5,1.0,1.0,10.0,0.0,0.0,0.0,1.0,0.5
1.8800000000000014,0.0,0.0,1.3331524207944445,3.461011313188599,0.17888642867044285,0.1005278144899116,0.0833,0.0833,0.1,0.1,9.81,1.0,1.0,0.5,0.5,1.0,1.0,10.0,0.0,0.0,0.0,1.0,0.5
1.8900000000000015,0.0,0.0,1.299788081541529,3.4849757662213,0.1920479908544567,0.13526722052507095,0.0833,0.0833,0.1,0.1,9.81,1.0,1.0,0.5,0.5,1.0,1.0,10.0,0.0,0.0,0.0,1.0,0.5
1.9000000000000015,0.0,0.0,1.2703036847916358,3.4974304082340626,0.20489513445769947,0.17018894474214893,0.0833,0.0833,0.1,0.1,9.81,1.0,1.0,0.5,0.5,1.0,1.0,10.0,0.0,0.0,0.0,1.0,0.5
1.9100000000000015,0.0,0.0,1.2448577014227311,3.498196680749153,0.21746753795478388,0.20517684676064904,0.0833,0.0833,0.1,0.1,9.81,1.0,1.0,0.5,0.5,1.0,1.0,10.0,0.0,0.0,0.0,1.0,0.5
1.9200000000000015,0.0,0.0,1.2235010908663075,3.4872810849138727,0.22980593209843928,0.24011391755368608,0.0833,0.0833,0.1,0.1,9.81,1.0,1.0,0.5,0.5,1.0,1.0,10.0,0.0,0.0,0.0,1.0,0.5
1.9300000000000015,0.0,0.0,1.2061742725061437,3.46487997434821,0.24195100440242553,0.2748841628422289,0.0833,0.0833,0.1,0.1,9.81,1.0,1.0,0.5,0.5,1.0,1.0,10.0,0.0,0.0,0.0,1.0,0.5
1.9400000000000015,0.0,0.0,1.1927105085048846,3.431373539595677,0.2539423053168167,0.30937448056788475,0.0833,0.0833,0.1,0.1,9.81,1.0,1.0,0.5,0.5,1.0,1.0,10.0,0.0,0.0,0.0,1.0,0.5
1.9500000000000015,0.0,0.0,1.182845402048348,3.387309442715304,0.26581721937501485,0.3434764255139767,0.0833,0.0833,0.1,0.1,9.81,1.0,1.0,0.5,0.5,1.0,1.0,10.0,0.0,0.0,0.0,1.0,0.5
1.9600000000000015,0.0,0.0,1.1762314946875685,3.333377834149327,0.2776100579241921,0.37708776528291443,0.0833,0.0833,0.1,0.1,9.81,1.0,1.0,0.5,0.5,1.0,1.0,10.0,0.0,0.0,0.0,1.0,0.5
1.9700000000000015,0.0,0.0,1.1724564172345158,3.270380419399014,0.2893513170353806,0.410113754203503,0.0833,0.0833,0.1,0.1,9.81,1.0,1.0,0.5,0.5,1.0,1.0,10.0,0.0,0.0,0.0,1.0,0.5
1.9800000000000015,0.0,0.0,1.1710627976727577,3.1991966815730044,0.3010671272300443,0.442468081054924,0.0833,0.0833,0.1,0.1,9.81,1.0,1.0,0.5,0.5,1.0,1.0,10.0,0.0,0.0,0.0,1.0,0.5
1.9900000000000015,0.0,0.0,1.171568170065271,3.1207502838033285,0.3127789036680304,0.47407347755286533,0.0833,0.0833,0.1,0.1,9.81,1.0,1.0,0.5,0.5,1.0,1.0,10.0,0.0,0.0,0.0,1.0,0.5
2.0000000000000013,0.0,0.0,1.1734834066522708,3.0359781715606995,0.324503189110258,0.50486200254984,0.0833,0.0833,0.1,0.1,9.81,1.0,1.0,0.5,0.5,1.0,1.0,10.0,0.0,0.0,0.0,1.0,0.5
2.010000000000001,0.0,0.0,1.1763286169067269,2.945804140972168,0.3362516692235279,0.5347750384613715,0.0833,0.0833,0.1,0.1,9.81,1.0,1.0,0.5,0.5,1.0,1.0,10.0,0.0,0.0,0.0,1.0,0.5
2.020000000000001,0.0,0.0,1.1796459203001601,2.8511178199366083,0.3480313315519238,0.5637630499785254,0.0833,0.0833,0.1,0.1,9.81,1.0,1.0,0.5,0.5,1.0,1.0,10.0,0.0,0.0,0.0,1.0,0.5
2.0300000000000007,0.0,0.0,1.183008920749374,2.752759273107865,0.35984473571426934,0.5917851607999252,0.0833,0.0833,0.1,0.1,9.81,1.0,1.0,0.5,0.5,1.0,1.0,10.0,0.0,0.0,0.0,1.0,0.5
2.0400000000000005,0.0,0.0,1.1860290391189314,2.6515088790922228,0.3716903623984012,0.6188086032486515,0.0833,0.0833,0.1,0.1,9.81,1.0,1.0,0.5,0.5,1.0,1.0,10.0,0.0,0.0,0.0,1.0,0.5
2.0500000000000003,0.0,0.0,1.1883590773910522,2.5480817680928185,0.38356301146585103,0.6448080901545209,0.0833,0.0833,0.1,0.1,9.81,1.0,1.0,0.5,0.5,1.0,1.0,10.0,0.0,0.0,0.0,1.0,0.5
2.06,0.0,0.0,1.1896945008081568,2.4431259353305137,0.3954542238598757,0.6697651502585898,0.0833,0.0833,0.1,0.1,9.81,1.0,1.0,0.5,0.5,1.0,1.0,10.0,0.0,0.0,0.0,1.0,0.5
2.07,0.0,0.0,1.1897729534362342,2.3372231192988666,0.4073527070775334,0.6936674593165131,0.0833,0.0833,0.1,0.1,9.81,1.0,1.0,0.5,0.5,1.0,1.0,10.0,0.0,0.0,0.0,1.0,0.5
2.0799999999999996,0.0,0.0,1.1883724940385914,2.2308916059974657,0.419244749015599,0.7165081902660841,0.0833,0.0833,0.1,0.1,9.81,1.0,1.0,0.5,0.5,1.0,1.0,10.0,0.0,0.0,0.0,1.0,0.5
2.0899999999999994,0.0,0.0,1.1853089770720022,2.124590246530261,0.4311146095776693,0.7382853980378313,0.0833,0.0833,0.1,0.1,9.81,1.0,1.0,0.5,0.5,1.0,1.0,10.0,0.0,0.0,0.0,1.0,0.5
2.099999999999999,0.0,0.0,1.1804329271930427,2.0187231215361754,0.44294488330134196,0.7590014481865792,0.0833,0.0833,0.1,0.1,9.81,1.0,1.0,0.5,0.5,1.0,1.0,10.0,0.0,0.0,0.0,1.0,0.5
2.109999999999999,0.0,0.0,1.1736261781588306,1.9136444287199854,0.45471682935757773,0.7786624935801518,0.0833,0.0833,0.1,0.1,9.81,1.0,1.0,0.5,0.5,1.0,1.0,10.0,0.0,0.0,0.0,1.0,0.5
2.1199999999999988,0.0,0.0,1.1647984763636843,1.809663296027162,0.46641066762214173,0.7972779997925744,0.0833,0.0833,0.1,0.1,9.81,1.0,1.0,0.5,0.5,1.0,1.0,10.0,0.0,0.0,0.0,1.0,0.5
2.1299999999999986,0.0,0.0,1.1538841893046923,1.707048326965223,0.4780058412120165,0.8148603174138926,0.0833,0.0833,0.1,0.1,9.81,1.0,1.0,0.5,0.5,1.0,1.0,10.0,0.0,0.0,0.0,1.0,0.5
2.1399999999999983,0.0,0.0,1.1408392110545102,1.6060317653691163,0.48948124703183826,0.8314242979764948,0.0833,0.0833,0.1,0.1,9.81,1.0,1.0,0.5,0.5,1.0,1.0,10.0,0.0,0.0,0.0,1.0,0.5
2.149999999999998,0.0,0.0,1.12563811970702,1.5068132265411758,0.5008154366019112,0.8469869493853245,0.0833,0.0833,0.1,0.1,9.81,1.0,1.0,0.5,0.5,1.0,1.0,10.0,0.0,0.0,0.0,1.0,0.5
2.159999999999998,0.0,0.0,1.1082716142799258,1.4095629834953423,0.5119867898442968,0.8615671264310055,0.0833,0.0833,0.1,0.1,9.81,1.0,1.0,0.5,0.5,1.0,1.0,10.0,0.0,0.0,0.0,1.0,0.5
2.1699999999999977,0.0,0.0,1.0887442389504156,1.314424824667457,0.5229736646744525,0.8751852520006634,0.0833,0.0833,0.1,0.1,9.81,1.0,1.0,0.5,0.5,1.0,1.0,10.0,0.0,0.0,0.0,1.0,0.5
2.1799999999999975,0.0,0.0,1.0670723890477969,1.2215185163604325,0.5337545252529351,0.8878630648570087,0.0833,0.0833,0.1,0.1,9.81,1.0,1.0,0.5,0.5,1.0,1.0,10.0,0.0,0.0,0.0,1.0,0.5
2.1899999999999973,0.0,0.0,1.043282584418158,1.130941912322594,0.5443080516485679,0.8996233902399816,0.0833,0.0833,0.1,0.1,9.81,1.0,1.0,0.5,0.5,1.0,1.0,10.0,0.0,0.0,0.0,1.0,0.5
2.199999999999997,0.0,0.0,1.0174099903656209,1.04277275658012,0.5546132334911865,0.9104899299915318,0.0833,0.0833,0.1,0.1,9.81,1.0,1.0,0.5,0.5,1.0,1.0,10.0,0.0,0.0,0.0,1.0,0.5
2.209999999999997,0.0,0.0,0.9894971633868941,0.957070225776006,0.5646494499775031,0.9204870693683339,0.0833,0.0833,0.1,0.1,9.81,1.0,1.0,0.5,0.5,1.0,1.0,10.0,0.0,0.0,0.0,1.0,0.5
2.2199999999999966,0.0,0.0,0.9595929976149653,0.8738762551419176,0.5743965383581365,0.9296396981605748,0.0833,0.0833,0.1,0.1,9.81,1.0,1.0,0.5,0.5,1.0,1.0,10.0,0.0,0.0,0.0,1.0,0.5
2.2299999999999964,0.0,0.0,0.9277518477374121,0.7932166887872533,0.583834852791483,0.9379730441597928,0.0833,0.0833,0.1,0.1,9.81,1.0,1.0,0.5,0.5,1.0,1.0,10.0,0.0,0.0,0.0,1.0,0.5
2.239999999999996,0.0,0.0,0.8940328047748369,0.715102290870013,0.5929453152103434,0.9455125174053569,0.0833,0.0833,0.1,0.1,9.81,1.0,1.0,0.5,0.5,1.0,1.0,10.0,0.0,0.0,0.0,1.0,0.5
2.249999999999996,0.0,0.0,0.8584991022330087,0.639529649830423,0.6017094596163728,0.952283563982992,0.0833,0.0833,0.1,0.1,9.81,1.0,1.0,0.5,0.5,1.0,1.0,10.0,0.0,0.0,0.0,1.0,0.5
2.259999999999996,0.0,0.0,0.8212176316011189,0.5664820034751082,0.610109470999634,0.9583115284485401,0.0833,0.0833,0.1,0.1,9.81,1.0,1.0,0.5,0.5,1.0,1.0,10.0,0.0,0.0,0.0,1.0,0.5
2.2699999999999956,0.0,0.0,0.7822585478396782,0.4959300084436627,0.6181282198784767,0.9636215242065848,0.0833,0.0833,0.1,0.1,9.81,1.0,1.0,0.5,0.5,1.0,1.0,10.0,0.0,0.0,0.0,1.0,0.5
2.2799999999999954,0.0,0.0,0.7416949473053274,0.42783247354906695,0.6257492932703319,0.9682383113884869,0.0833,0.0833,0.1,0.1,9.81,1.0,1.0,0.5,0.5,1.0,1.0,10.0,0.0,0.0,0.0,1.0,0.5
2.289999999999995,0.0,0.0,0.6996026024403875,0.3621370726972309,0.6329570227378429,0.9721861819501376,0.0833,0.0833,0.1,0.1,9.81,1.0,1.0,0.5,0.5,1.0,1.0,10.0,0.0,0.0,0.0,1.0,0.5
2.299999999999995,0.0,0.0,0.6560597394699094,0.29878104957813956,0.6397365100075926,0.9754888518489934,0.0833,0.0833,0.1,0.1,9.81,1.0,1.0,0.5,0.5,1.0,1.0,10.0,0.0,0.0,0.0,1.0,0.5
2.3099999999999947,0.0,0.0,0.6111468472623154,0.23769192309417705,0.6460736505307002,0.9781693602655058,0.0833,0.0833,0.1,0.1,9.81,1.0,1.0,0.5,0.5,1.0,1.0,10.0,0.0,0.0,0.0,1.0,0.5
2.3199999999999945,0.0,0.0,0.5649465073877857,0.17878819956361464,0.6519551552455508,0.9802499759088152,0.0833,0.0833,0.1,0.1,9.81,1.0,1.0,0.5,0.5,1.0,1.0,10.0,0.0,0.0,0.0,1.0,0.5
2.3299999999999943,0.0,0.0,0.5175432372181579,0.12198009512632596,0.6573685707123813,0.9817521104936339,0.0833,0.0833,0.1,0.1,9.81,1.0,1.0,0.5,0.5,1.0,1.0,10.0,0.0,0.0,0.0,1.0,0.5
2.339999999999994,0.0,0.0,0.469023339620239,0.06717026950579759,0.6623022977165299,0.9826962394978619,0.0833,0.0833,0.1,0.1,9.81,1.0,1.0,0.5,0.5,1.0,1.0,10.0,0.0,0.0,0.0,1.0,0.5
2.349999999999994,0.0,0.0,0.41947475436923376,0.014254570369294305,0.6667456083806639,0.983101830312142,0.0833,0.0833,0.1,0.1,9.81,1.0,1.0,0.5,0.5,1.0,1.0,10.0,0.0,0.0,0.0,1.0,0.5
2.3599999999999937,0.0,0.0,0.3689869078212451,-0.036877214002430714,0.6706886617847793,0.9829872778770046,0.0833,0.0833,0.1,0.1,9.81,1.0,1.0,0.5,0.5,1.0,1.0,10.0,0.0,0.0,0.0,1.0,0.5
2.3699999999999934,0.0,0.0,0.3176505586090146,-0.08634059715821461,0.6741225180644498,0.9823698478743633,0.0833,0.0833,0.1,0.1,9.81,1.0,1.0,0.5,0.5,1.0,1.0,10.0,0.0,0.0,0.0,1.0,0.5
2.3799999999999932,0.0,0.0,0.2655576381450951,-0.13425563618637276,0.6770391509407138,0.9812656275019093,0.0833,0.0833,0.1,0.1,9.81,1.0,1.0,0.5,0.5,1.0,1.0,10.0,0.0,0.0,0.0,1.0,0.5
2.389999999999993,0.0,0.0,0.21280108552137134,-0.18074617718248412,0.6794314586270382,0.9796894838153973,0.0833,0.0833,0.1,0.1,9.81,1.0,1.0,0.5,0.5,1.0,1.0,10.0,0.0,0.0,0.0,1.0,0.5
2.399999999999993,0.0,0.0,0.15947467698197898,-0.2259391089305725,0.6812932730578111,0.9776550295787939,0.0833,0.0833,0.1,0.1,9.81,1.0,1.0,0.5,0.5,1.0,1.0,10.0,0.0,0.0,0.0,1.0,0.5
2.4099999999999926,0.0,0.0,0.10567285052607757,-0.2699636288818659,0.6826193673866401,0.9751745965192945,0.0833,0.0833,0.1,0.1,9.81,1.0,1.0,0.5,0.5,1.0,1.0,10.0,0.0,0.0,0.0,1.0,0.5
2.4199999999999924,0.0,0.0,0.051490526384141116,-0.3129505248592153,0.6834054617093971,0.9722592158464453,0.0833,0.0833,0.1,0.1,9.81,1.0,1.0,0.5,0.5,1.0,1.0,10.0,0.0,0.0,0.0,1.0,0.5
2.429999999999992,0.0,0.0,-0.0029770758694587585,-0.35503147503702465,0.6836482269746016,0.9689186058645548,0.0833,0.0833,0.1,0.1,9.81,1.0,1.0,0.5,0.5,1.0,1.0,10.0,0.0,0.0,0.0,1.0,0.5
2.439999999999992,0.0,0.0,-0.05763462292377146,-0.39633836771730724,0.6833452870508744,0.9651611664871403,0.0833,0.0833,0.1,0.1,9.81,1.0,1.0,0.5,0.5,1.0,1.0,10.0,0.0,0.0,0.0,1.0,0.5
2.4499999999999917,0.0,0.0,-0.11238685563779885,-0.43700264131781824,0.6824952189265844,0.9609939804524326,0.0833,0.0833,0.1,0.1,9.81,1.0,1.0,0.5,0.5,1.0,1.0,10.0,0.0,0.0,0.0,1.0,0.5
2.4599999999999915,0.0,0.0,-0.1671387791171791,-0.4771546438838742,0.6810975510196045,0.9564228210403611,0.0833,0.0833,0.1,0.1,9.81,1.0,1.0,0.5,0.5,1.0,1.0,10.0,0.0,0.0,0.0,1.0,0.5
2.4699999999999913,0.0,0.0,-0.22179585515692704,-0.5169230104032329,0.6791527595747736,0.9514521661035745,0.0833,0.0833,0.1,0.1,9.81,1.0,1.0,0.5,0.5,1.0,1.0,10.0,0.0,0.0,0.0,1.0,0.5
2.479999999999991,0.0,0.0,-0.27626419757173454,-0.5564340553071659,0.6766622631230553,0.946085218246871,0.0833,0.0833,0.1,0.1,9.81,1.0,1.0,0.5,0.5,1.0,1.0,10.0,0.0,0.0,0.0,1.0,0.5
2.489999999999991,0.0,0.0,-0.33045077123301886,-0.5958111768335743,0.6736284149696568,0.9403239310193036,0.0833,0.0833,0.1,0.1,9.81,1.0,1.0,0.5,0.5,1.0,1.0,10.0,0.0,0.0,0.0,1.0,0.5
2.4999999999999907,0.0,0.0,-0.3842635958785586,-0.635174269449291,0.6700544936688875,0.9341690410190541,0.0833,0.0833,0.1,0.1,9.81,1.0,1.0,0.5,0.5,1.0,1.0,10.0,0.0,0.0,0.0,1.0,0.5
2.5099999999999905,0.0,0.0,-0.4376119559392657,-0.674639140303491,0.665944691431927,0.9276201058505475,0.0833,0.0833,0.1,0.1,9.81,1.0,1.0,0.5,0.5,1.0,1.0,10.0,0.0,0.0,0.0,1.0,0.5
2.5199999999999902,0.0,0.0,-0.49040661772807875,-0.7143169257221017,0.6613041004006559,0.9206755479135872,0.0833,0.0833,0.1,0.1,9.81,1.0,1.0,0.5,0.5,1.0,1.0,10.0,0.0,0.0,0.0,1.0,0.5
2.52999999999999,0.0,0.0,-0.5425600553541683,-0.7543135040491641,0.6561386967070932,0.913332704042921,0.0833,0.0833,0.1,0.1,9.81,1.0,1.0,0.5,0.5,1.0,1.0,10.0,0.0,0.0,0.0,1.0,0.5
2.53999999999999,0.0,0.0,-0.5939866866635717,-0.7947289016765784,0.6504553222245976,0.9055878810511021,0.0833,0.0833,0.1,0.1,9.81,1.0,1.0,0.5,0.5,1.0,1.0,10.0,0.0,0.0,0.0,1.0,0.5
2.5499999999999896,0.0,0.0,-0.6446031203718694,-0.8356566898481672,0.6442616639045998,0.8974364172555254,0.0833,0.0833,0.1,0.1,9.81,1.0,1.0,0.5,0.5,1.0,1.0,10.0,0.0,0.0,0.0,1.0,0.5
2.5599999999999894,0.0,0.0,-0.6943284153562328,-0.8771833707378853,0.6375662305819207,0.8888727500902208,0.0833,0.0833,0.1,0.1,9.81,1.0,1.0,0.5,0.5,1.0,1.0,10.0,0.0,0.0,0.0,1.0,0.5
2.5599999999999894,0.0,0.0,-0.6943284153562328,-0.8771833707378853,0.6375662305819207,0.8888727500902208,0.0833,0.0833,0.1,0.1,9.81,1.0,1.0,0.5,0.5,1.0,1.0,10.0,0.0,0.0,0.0,1.0,0.5
